{
    "now": "2025-07-13T17:27:08.838Z",
    "perfNow": 53114.19999998808,
    "diagnosticCorrelation": "0859f784-dcdc-4fa1-b3fc-61c2a25e2c56",
    "source": "DownloadSupportFiles",
    "environment": {
        "productName": "adf",
        "buildVersion": "1.0.070225.16",
        "environmentType": 3,
        "resourceName": "ADF-Practise-23062025",
        "resourceRegion": "eastus",
        "resourceGroup": "RG_ADF",
        "subscriptionId": "2b1587f3-945e-4ff8-be4e-114eaeac3a1a",
        "sessionId": "vQgQMXsNrkiIrulpRzwpub",
        "operationId": "",
        "gitType": "live",
        "loggingKey": "0740b3f1-5d1b-4539-ad6c-6758fd59cad2"
    },
    "additionalInfo": {
        "selectedResource": "Data_Flow_Introduction_0607",
        "selectedResourceType": "dataflow"
    }
}