{
    "name": "Data_Flow_Intro_0607",
    "properties": {
        "type": "MappingDataFlow",
        "typeProperties": {
            "sources": [
                {
                    "dataset": {
                        "referenceName": "Source_Dataset_CSV",
                        "type": "DatasetReference"
                    },
                    "name": "EMP"
                }
            ],
            "sinks": [
                {
                    "dataset": {
                        "referenceName": "Source_Dataset_CSV",
                        "type": "DatasetReference"
                    },
                    "name": "sink1"
                }
            ],
            "transformations": [],
            "scriptLines": [
                "source(output(",
                "          {State/UTs} as string,",
                "          {Total Cases} as string,",
                "          Date as string,",
                "          Year as string",
                "     ),",
                "     allowSchemaDrift: false,",
                "     validateSchema: false,",
                "     ignoreNoFilesFound: false,",
                "     partitionBy('key',",
                "          0,",
                "          {State/UTs}",
                "     )) ~> EMP",
                "EMP sink(allowSchemaDrift: false,",
                "     validateSchema: false,",
                "     input(",
                "          {State/UTs} as string,",
                "          {Total Cases} as string,",
                "          Date as string,",
                "          Year as string",
                "     ),",
                "     skipDuplicateMapInputs: true,",
                "     skipDuplicateMapOutputs: true,",
                "     partitionBy('key',",
                "          0,",
                "          {State/UTs}",
                "     )) ~> sink1"
            ]
        }
    }
}