{
    "now": "2025-07-13T17:26:49.271Z",
    "perfNow": 33547.29999998212,
    "diagnosticCorrelation": "a98fafb7-17a8-4412-ae91-4f53d42fe4ff",
    "source": "DownloadSupportFiles",
    "environment": {
        "productName": "adf",
        "buildVersion": "1.0.070225.16",
        "environmentType": 3,
        "resourceName": "ADF-Practise-23062025",
        "resourceRegion": "eastus",
        "resourceGroup": "RG_ADF",
        "subscriptionId": "2b1587f3-945e-4ff8-be4e-114eaeac3a1a",
        "sessionId": "vQgQMXsNrkiIrulpRzwpub",
        "operationId": "",
        "gitType": "live",
        "loggingKey": "0740b3f1-5d1b-4539-ad6c-6758fd59cad2"
    },
    "additionalInfo": {
        "selectedResource": "Aggergate_Transformation_",
        "selectedResourceType": "dataflow"
    }
}