{
    "now": "2025-07-13T17:27:12.357Z",
    "perfNow": 56633.09999999404,
    "diagnosticCorrelation": "676ca11c-f3fc-403c-9e86-6e7a38ecdf4d",
    "source": "DownloadSupportFiles",
    "environment": {
        "productName": "adf",
        "buildVersion": "1.0.070225.16",
        "environmentType": 3,
        "resourceName": "ADF-Practise-23062025",
        "resourceRegion": "eastus",
        "resourceGroup": "RG_ADF",
        "subscriptionId": "2b1587f3-945e-4ff8-be4e-114eaeac3a1a",
        "sessionId": "vQgQMXsNrkiIrulpRzwpub",
        "operationId": "",
        "gitType": "live",
        "loggingKey": "0740b3f1-5d1b-4539-ad6c-6758fd59cad2"
    },
    "additionalInfo": {
        "selectedResource": "Inline_Dataset_Introduction_0607",
        "selectedResourceType": "dataflow"
    }
}