{
    "name": "Alter_Activity_0807",
    "properties": {
        "type": "MappingDataFlow",
        "typeProperties": {
            "sources": [
                {
                    "dataset": {
                        "referenceName": "Test_CSV",
                        "type": "DatasetReference"
                    },
                    "name": "source1"
                }
            ],
            "sinks": [
                {
                    "dataset": {
                        "referenceName": "Destination_Dataset",
                        "type": "DatasetReference"
                    },
                    "name": "sink1"
                }
            ],
            "transformations": [
                {
                    "name": "alterRow1"
                }
            ],
            "scriptLines": [
                "source(output(",
                "          {State/UTs} as string,",
                "          {Total Cases} as integer,",
                "          Date as date,",
                "          Year as short",
                "     ),",
                "     allowSchemaDrift: true,",
                "     validateSchema: false,",
                "     ignoreNoFilesFound: false) ~> source1",
                "source1 alterRow(updateIf(Year==1902)) ~> alterRow1",
                "alterRow1 sink(allowSchemaDrift: true,",
                "     validateSchema: false,",
                "     skipDuplicateMapInputs: true,",
                "     skipDuplicateMapOutputs: true,",
                "     mapColumn(",
                "          {State/UTs},",
                "          {Total Cases},",
                "          Date,",
                "          Year",
                "     )) ~> sink1"
            ]
        }
    }
}