{
    "name": "Excel1",
    "properties": {
        "linkedServiceName": {
            "referenceName": "Linkedservice_Storage",
            "type": "LinkedServiceReference"
        },
        "annotations": [],
        "type": "Excel",
        "typeProperties": {
            "sheetName": "Excel_Practise",
            "location": {
                "type": "AzureBlobStorageLocation",
                "fileName": "Excel_Practise_0707.xlsx",
                "folderPath": "input",
                "container": "adfdemo"
            }
        },
        "schema": [
            {
                "type": "String"
            },
            {
                "type": "String"
            },
            {
                "type": "String"
            },
            {
                "type": "String"
            }
        ]
    },
    "type": "Microsoft.DataFactory/factories/datasets"
}