{
    "now": "2025-07-13T17:27:22.704Z",
    "perfNow": 66980.59999999404,
    "diagnosticCorrelation": "8d4ecf6a-3bd0-4e04-a897-ed24b2e56e4e",
    "source": "DownloadSupportFiles",
    "environment": {
        "productName": "adf",
        "buildVersion": "1.0.070225.16",
        "environmentType": 3,
        "resourceName": "ADF-Practise-23062025",
        "resourceRegion": "eastus",
        "resourceGroup": "RG_ADF",
        "subscriptionId": "2b1587f3-945e-4ff8-be4e-114eaeac3a1a",
        "sessionId": "vQgQMXsNrkiIrulpRzwpub",
        "operationId": "",
        "gitType": "live",
        "loggingKey": "0740b3f1-5d1b-4539-ad6c-6758fd59cad2"
    },
    "additionalInfo": {
        "selectedResource": "Sort_Alter_Transformation_0807",
        "selectedResourceType": "dataflow"
    }
}