{
    "now": "2025-07-13T17:27:00.398Z",
    "perfNow": 44674.69999998808,
    "diagnosticCorrelation": "cf261fdb-f78f-45ac-af98-f18e6928bcaa",
    "source": "DownloadSupportFiles",
    "environment": {
        "productName": "adf",
        "buildVersion": "1.0.070225.16",
        "environmentType": 3,
        "resourceName": "ADF-Practise-23062025",
        "resourceRegion": "eastus",
        "resourceGroup": "RG_ADF",
        "subscriptionId": "2b1587f3-945e-4ff8-be4e-114eaeac3a1a",
        "sessionId": "vQgQMXsNrkiIrulpRzwpub",
        "operationId": "",
        "gitType": "live",
        "loggingKey": "0740b3f1-5d1b-4539-ad6c-6758fd59cad2"
    },
    "additionalInfo": {
        "selectedResource": "Conditional_Split_0707",
        "selectedResourceType": "dataflow"
    }
}