{
    "name": "Sort_Alter_Transformation_0807",
    "properties": {
        "type": "MappingDataFlow",
        "typeProperties": {
            "sources": [
                {
                    "dataset": {
                        "referenceName": "Test_CSV",
                        "type": "DatasetReference"
                    },
                    "name": "source1"
                }
            ],
            "sinks": [
                {
                    "dataset": {
                        "referenceName": "Destination_Dataset",
                        "type": "DatasetReference"
                    },
                    "name": "sink1"
                }
            ],
            "transformations": [
                {
                    "name": "sort1"
                }
            ],
            "scriptLines": [
                "source(output(",
                "          {State/UTs} as string,",
                "          {Total Cases} as integer,",
                "          Date as date,",
                "          Year as short",
                "     ),",
                "     allowSchemaDrift: true,",
                "     validateSchema: false,",
                "     ignoreNoFilesFound: false) ~> source1",
                "source1 sort(asc({Total Cases}, true),",
                "     caseInsensitive: true) ~> sort1",
                "sort1 sink(allowSchemaDrift: true,",
                "     validateSchema: false,",
                "     skipDuplicateMapInputs: true,",
                "     skipDuplicateMapOutputs: true) ~> sink1"
            ]
        }
    }
}