{
    "name": "Inline_Dataset_Introduction_0607",
    "properties": {
        "type": "MappingDataFlow",
        "typeProperties": {
            "sources": [
                {
                    "linkedService": {
                        "referenceName": "AzureBlobStorage2_dataflow",
                        "type": "LinkedServiceReference"
                    },
                    "name": "source1"
                }
            ],
            "sinks": [
                {
                    "dataset": {
                        "referenceName": "Emp_Output_0607",
                        "type": "DatasetReference"
                    },
                    "name": "sink1"
                }
            ],
            "transformations": [],
            "scriptLines": [
                "source(useSchema: false,",
                "     allowSchemaDrift: true,",
                "     validateSchema: false,",
                "     ignoreNoFilesFound: false,",
                "     format: 'delimited',",
                "     container: 'adfdemo',",
                "     folderPath: 'input',",
                "     fileName: 'data1.txt',",
                "     columnDelimiter: ',',",
                "     escapeChar: '\\\\',",
                "     quoteChar: '\\\"',",
                "     columnNamesAsHeader: true) ~> source1",
                "source1 sink(allowSchemaDrift: true,",
                "     validateSchema: false,",
                "     skipDuplicateMapInputs: true,",
                "     skipDuplicateMapOutputs: true) ~> sink1"
            ]
        }
    }
}