{
    "now": "2025-07-13T17:27:15.682Z",
    "perfNow": 59958.90000000596,
    "diagnosticCorrelation": "a047175d-e1f2-4275-b029-f234ebc0849e",
    "source": "DownloadSupportFiles",
    "environment": {
        "productName": "adf",
        "buildVersion": "1.0.070225.16",
        "environmentType": 3,
        "resourceName": "ADF-Practise-23062025",
        "resourceRegion": "eastus",
        "resourceGroup": "RG_ADF",
        "subscriptionId": "2b1587f3-945e-4ff8-be4e-114eaeac3a1a",
        "sessionId": "vQgQMXsNrkiIrulpRzwpub",
        "operationId": "",
        "gitType": "live",
        "loggingKey": "0740b3f1-5d1b-4539-ad6c-6758fd59cad2"
    },
    "additionalInfo": {
        "selectedResource": "Join_Transformation_Inline_0707",
        "selectedResourceType": "dataflow"
    }
}