{
    "name": "Conditional_Split_0707",
    "properties": {
        "type": "MappingDataFlow",
        "typeProperties": {
            "sources": [
                {
                    "dataset": {
                        "referenceName": "Excel1",
                        "type": "DatasetReference"
                    },
                    "name": "source1"
                }
            ],
            "sinks": [
                {
                    "linkedService": {
                        "referenceName": "Linkedservice_Storage",
                        "type": "LinkedServiceReference"
                    },
                    "name": "sink1"
                },
                {
                    "linkedService": {
                        "referenceName": "Linkedservice_Storage",
                        "type": "LinkedServiceReference"
                    },
                    "name": "sink2"
                }
            ],
            "transformations": [
                {
                    "name": "split1"
                }
            ],
            "scriptLines": [
                "source(output(",
                "          Column_1 as string,",
                "          Column_2 as string,",
                "          Column_3 as string,",
                "          Column_4 as string",
                "     ),",
                "     allowSchemaDrift: false,",
                "     validateSchema: false,",
                "     ignoreNoFilesFound: false) ~> source1",
                "source1 split(Column_1==\"Name\",",
                "     Column_3==\"Years\",",
                "     disjoint: false) ~> split1@(Name, Years, Default)",
                "split1@Name sink(allowSchemaDrift: true,",
                "     validateSchema: false,",
                "     format: 'delimited',",
                "     container: 'adfdemo',",
                "     folderPath: 'output',",
                "     columnDelimiter: ',',",
                "     escapeChar: '\\\\',",
                "     quoteChar: '\\\"',",
                "     columnNamesAsHeader: true,",
                "     partitionFileNames:['Name'],",
                "     skipDuplicateMapInputs: true,",
                "     skipDuplicateMapOutputs: true,",
                "     partitionBy('hash', 1)) ~> sink1",
                "split1@Years sink(allowSchemaDrift: true,",
                "     validateSchema: false,",
                "     format: 'delimited',",
                "     container: 'adfdemo',",
                "     folderPath: 'output',",
                "     columnDelimiter: ',',",
                "     escapeChar: '\\\\',",
                "     quoteChar: '\\\"',",
                "     columnNamesAsHeader: true,",
                "     partitionFileNames:['Year'],",
                "     skipDuplicateMapInputs: true,",
                "     skipDuplicateMapOutputs: true,",
                "     partitionBy('hash', 1)) ~> sink2"
            ]
        }
    }
}